Rank,Player,Pos,Team,Bye
1,Christian McCaffrey,RB,CAR,13
2,Pat Mahomes,QB,KC,12
3,Dalvin Cook,RB,MIN,7
4,Alvin Kamara,RB,NO,6
5,Josh Allen,QB,BUF,7
6,Derrick Henry,RB,TEN,13
7,Kyler Murray,QB,ARI,12
8,Ezekiel Elliott,RB,DAL,7
9,Davante Adams,WR,GB,13
10,Lamar Jackson,QB,BAL,8
11,Travis Kelce,TE,KC,12
12,Aaron Jones,RB,GB,13
13,Nick Chubb,RB,CLE,13
14,Aaron Rodgers,QB,GB,13
15,Tyreek Hill,WR,KC,12
16,Austin Ekeler,RB,LAC,7
17,Dak Prescott,QB,DAL,7
18,Russell Wilson,QB,SEA,9
19,Saquon Barkley,RB,NYG,10
20,Jonathan Taylor,RB,IND,14
21,Najee Harris,RB,PIT,7
22,Stefon Diggs,WR,BUF,7
23,Justin Herbert,QB,LAC,7
24,Antonio Gibson,RB,WAS,9
25,DeAndre Hopkins,WR,ARI,12
26,Tom Brady,QB,TB,9
27,Calvin Ridley,WR,ATL,6
28,D.K. Metcalf,WR,SEA,9
29,Darren Waller,TE,LV,8
30,Clyde Edwards-Helaire,RB,KC,12
31,Joe Mixon,RB,CIN,10
32,Matthew Stafford,QB,LAR,11
33,Justin Jefferson,WR,MIN,7
34,Ryan Tannehill,QB,TEN,13
35,A.J. Brown,WR,TEN,13
36,David Montgomery,RB,CHI,10
37,George Kittle,TE,SF,6
38,Keenan Allen,WR,LAC,7
39,Chris Carson,RB,SEA,9
40,Jalen Hurts,QB,PHI,14
41,CeeDee Lamb,WR,DAL,7
42,Terry McLaurin,WR,WAS,9
43,James Robinson,RB,JAX,7
44,Josh Jacobs,RB,LV,8
45,Joe Burrow,QB,CIN,10
46,Allen Robinson,WR,CHI,10
47,Kyle Pitts,TE,ATL,6
48,D'Andre Swift,RB,DET,9
49,Mike Evans,WR,TB,9
50,Matt Ryan,QB,ATL,6
51,Robert Woods,WR,LAR,11
52,Miles Sanders,RB,PHI,14
53,Trevor Lawrence,QB,JAX,7
54,Amari Cooper,WR,DAL,7
55,Myles Gaskin,RB,MIA,14
56,Darrell Henderson,RB,LAR,11
57,Chris Godwin,WR,TB,9
58,Baker Mayfield,QB,CLE,13
59,Mark Andrews,TE,BAL,8
60,Julio Jones,WR,TEN,13
61,Mike Davis,RB,ATL,6
62,Cooper Kupp,WR,LAR,11
63,T.J. Hockenson,TE,DET,9
64,Diontae Johnson,WR,PIT,7
65,Kirk Cousins,QB,MIN,7
66,Tyler Lockett,WR,SEA,9
67,Javonte Williams,RB,DEN,11
68,Damien Harris,RB,NE,14
69,Kareem Hunt,RB,CLE,13
70,Tua Tagovailoa,QB,MIA,14
71,Raheem Mostert,RB,SF,6
72,Adam Thielen,WR,MIN,7
73,Gus Edwards,RB,BAL,8
74,Justin Fields,QB,CHI,10
75,Ben Roethlisberger,QB,PIT,7
76,Brandon Aiyuk,WR,SF,6
77,D.J. Moore,WR,CAR,13
78,Ryan Fitzpatrick,QB,WAS,9
79,Logan Thomas,TE,WAS,9
80,Trey Lance,QB,SF,6
81,Michael Thomas,WR,NO,6
82,Tee Higgins,WR,CIN,10
83,Chase Edmonds,RB,ARI,12
84,Trey Sermon,RB,SF,6
85,Jerry Jeudy,WR,DEN,11
86,Odell Beckham Jr,WR,CLE,13
87,Jameis Winston,QB,NO,6
88,Chase Claypool,WR,PIT,7
89,Antonio Brown,WR,TB,9
90,Noah Fant,TE,DEN,11
91,Melvin Gordon,RB,DEN,11
92,Derek Carr,QB,LV,8
93,Michael Carter,RB,NYJ,6
94,Ronald Jones II,RB,TB,9
95,Robert Tonyan Jr.,TE,GB,13
96,Deshaun Watson,QB,HOU,10
97,Ja'Marr Chase,WR,CIN,10
98,DeVonta Smith,WR,PHI,14
99,A.J. Dillon,RB,GB,13
100,Kenny Golladay,WR,NYG,10
101,Courtland Sutton,WR,DEN,11
102,Carson Wentz,QB,IND,14
103,Deebo Samuel,WR,SF,6
104,Robby Anderson,WR,CAR,13
105,Zack Moss,RB,BUF,7
106,Leonard Fournette,RB,TB,9
107,Sony Michel,RB,LAR,11
108,Dallas Goedert,TE,PHI,14
109,Devin Singletary,RB,BUF,7
110,Tyler Higbee,TE,LAR,11
111,JuJu Smith-Schuster,WR,PIT,7
112,Tyler Boyd,WR,CIN,10
113,Sam Darnold,QB,CAR,13
114,Laviska Shenault Jr.,WR,JAX,7
115,Corey Davis,WR,NYJ,6
116,Daniel Jones,QB,NYG,10
117,James Conner,RB,ARI,12
118,Zach Wilson,QB,NYJ,6
119,Mac Jones,QB,NE,14
120,Marquez Callaway,WR,NO,6
121,Michael Pittman Jr.,WR,IND,14
122,Jamaal Williams,RB,DET,9
123,Pittsburgh Defense,DEF,PIT,7
124,David Johnson,RB,HOU,10
125,LA Rams Defense,DEF,LAR,11
126,Tampa Bay Defense,DEF,TB,9
127,Tony Pollard,RB,DAL,7
128,Mike Gesicki,TE,MIA,14
129,D.J. Chark,WR,JAX,7
130,Teddy Bridgewater,QB,DEN,11
131,Jaylen Waddle,WR,MIA,14
132,Rob Gronkowski,TE,TB,9
133,Kenyan Drake,RB,LV,8
134,Phillip Lindsay,RB,HOU,10
135,Jonnu Smith,TE,NE,14
136,Mecole Hardman,WR,KC,12
137,Washington Defense,DEF,WAS,9
138,Brandin Cooks,WR,HOU,10
139,Giovani Bernard,RB,TB,9
140,Rhamondre Stevenson,RB,NE,14
141,Jared Goff,QB,DET,9
142,Will Fuller,WR,MIA,14
143,Mike Williams,WR,LAC,7
144,Jimmy Garoppolo,QB,SF,6
145,Jakobi Meyers,WR,NE,14
146,Justin Tucker,PK,BAL,8
147,Darnell Mooney,WR,CHI,10
148,Nyheim Hines,RB,IND,14
149,Younghoe Koo,PK,ATL,6
150,Harrison Butker,PK,KC,12
151,Latavius Murray,RB,NO,6
152,Baltimore Defense,DEF,BAL,8
153,Alexander Mattison,RB,MIN,7
154,San Francisco Defense,DEF,SF,6
155,Buffalo Defense,DEF,BUF,7
156,Greg Zuerlein,PK,DAL,7
157,Tyler Bass,PK,BUF,7
158,Rodrigo Blankenship,PK,IND,14
159,New England Defense,DEF,NE,14
160,James White,RB,NE,14
161,Jared Cook,TE,LAC,7
162,Marvin Jones,WR,JAX,7
163,Hunter Henry,TE,NE,14
164,Ryan Succop,PK,TB,9
165,Tevin Coleman,RB,NYJ,6
166,Jason Sanders,PK,MIA,14
167,Josh Lambo,PK,JAX,7
168,Zach Ertz,TE,PHI,14
169,Matt Gay,PK,LAR,11
170,Henry Ruggs III,WR,LV,8
171,Matt Prater,PK,ARI,12
172,Tyrod Taylor,QB,HOU,10
173,Gerald Everett,TE,SEA,9
174,Gabriel Davis,WR,BUF,7
175,Denver Defense,DEF,DEN,11
176,Cleveland Defense,DEF,CLE,13
177,J.D. McKissic,RB,WAS,9
178,Jarvis Landry,WR,CLE,13
179,Elijah Moore,WR,NYJ,6
180,Evan Engram,TE,NYG,10
181,Chuba Hubbard,RB,CAR,13
182,Miami Defense,DEF,MIA,14
183,Rondale Moore,WR,ARI,12
184,Indianapolis Defense,DEF,IND,14
185,Mason Crosby,PK,GB,13
186,Taysom Hill,QB,NO,6
187,Jason Myers,PK,SEA,9
188,Curtis Samuel,WR,WAS,9
189,Mark Ingram,RB,HOU,10
190,Rashaad Penny,RB,SEA,9
191,Terrace Marshall Jr.,WR,CAR,13
192,Michael Gallup,WR,DAL,7
193,Kenneth Gainwell,RB,PHI,14
194,Robbie Gould,PK,SF,6
195,Russell Gage,WR,ATL,6
196,Daniel Carlson,PK,LV,8
197,Brandon McManus,PK,DEN,11
198,Wil Lutz,PK,NO,6
199,Marquise Brown,WR,BAL,8
